{
  "negative": {
    "precision": 0.8688888888888889,
    "recall": 0.930952380952381,
    "f1-score": 0.8988505747126436,
    "support": 420.0
  },
  "positive": {
    "precision": 0.6627906976744186,
    "recall": 0.49137931034482757,
    "f1-score": 0.5643564356435643,
    "support": 116.0
  },
  "accuracy": 0.835820895522388,
  "macro avg": {
    "precision": 0.7658397932816537,
    "recall": 0.7111658456486043,
    "f1-score": 0.731603505178104,
    "support": 536.0
  },
  "weighted avg": {
    "precision": 0.82428554899919,
    "recall": 0.835820895522388,
    "f1-score": 0.8264600520782907,
    "support": 536.0
  }
}