{
  "threshold": 0.36,
  "val_accuracy": 0.860759,
  "val_precision_macro": 0.810674,
  "val_recall_macro": 0.775566,
  "val_f1_macro": 0.790663,
  "val_f1_weighted": 0.856598,
  "threshold_grid": [
    0.3,
    0.32,
    0.34,
    0.36,
    0.38,
    0.4,
    0.42,
    0.44,
    0.46,
    0.48,
    0.5,
    0.52,
    0.54,
    0.56,
    0.58,
    0.6,
    0.62,
    0.64,
    0.66,
    0.68,
    0.7
  ]
}