{
  "negative": {
    "precision": 0.8596491228070176,
    "recall": 0.9333333333333333,
    "f1-score": 0.8949771689497716,
    "support": 420.0
  },
  "positive": {
    "precision": 0.65,
    "recall": 0.4482758620689655,
    "f1-score": 0.5306122448979592,
    "support": 116.0
  },
  "accuracy": 0.8283582089552238,
  "macro avg": {
    "precision": 0.7548245614035087,
    "recall": 0.6908045977011494,
    "f1-score": 0.7127947069238654,
    "support": 536.0
  },
  "weighted avg": {
    "precision": 0.8142772977219167,
    "recall": 0.8283582089552238,
    "f1-score": 0.8161220734460212,
    "support": 536.0
  }
}